Lucas,Lefort,Biarritz,France,2019,Java
Vincent,Sanchez,Biarritz,France,2019,JavaScript
Yves,Marie,Biarritz,France,2019,JavaScript
Laure,Gaudin,Biarritz,France,2019,PHP
Alphonse,Leleu,Biarritz,France,2019,JavaScript
Adrien,Maillard,Biarritz,France,2019,Java
Laurence,Lemaire,Biarritz,France,2019,JavaScript
Marcel,Olivier,Biarritz,France,2019,JavaScript
Victor,Lopez,Biarritz,France,2019,JavaScript
Michel,David,Biarritz,France,2019,JavaScript
Philippine,Lefevre,Biarritz,France,2019,Java
David,Daniel,Biarritz,France,2019,Java
Arnaude,Barbier,Biarritz,France,2019,Java
Théodore,Bousquet,Biarritz,France,2019,JavaScript
Andrée,Berthelot,Biarritz,France,2019,JavaScript
William,Gaudin,Biarritz,France,2019,Java
Léon,Jacquet,Biarritz,France,2019,JavaScript
Gilles,Louis,Biarritz,France,2019,Java
Laetitia,Schneider,Biarritz,France,2019,JavaScript
Madeleine,Coste,Biarritz,France,2019,Java
Inès,Descamps,Biarritz,France,2019,PHP
Roger,Normand,Biarritz,France,2019,PHP
Élisabeth,Laporte,Biarritz,France,2019,PHP
Laurent,"Le Roux",Biarritz,France,2019,PHP
Thérèse,Guyot,Biarritz,France,2019,JavaScript
Michèle,Payet,Bordeaux,France,2019,JavaScript
Théophile,Blanc,Bordeaux,France,2019,PHP
Louis,Leroux,Bordeaux,France,2019,Java
Julie,Charrier,Bordeaux,France,2019,PHP
Roland,Laurent,Bordeaux,France,2019,Java
Élodie,Moreau,Bordeaux,France,2019,PHP
Renée,Guilbert,Bordeaux,France,2019,PHP
Clémence,Dias,Bordeaux,France,2019,Java
Mathilde,Georges,Bordeaux,France,2019,JavaScript
Xavier,Bousquet,Bordeaux,France,2019,Java
Antoinette,Rolland,Bordeaux,France,2019,JavaScript
Franck,Bertrand,Bordeaux,France,2019,JavaScript
Marcel,Michaud,Bordeaux,France,2019,Java
Sébastien,Lemaire,Bordeaux,France,2019,Java
Georges,Perrot,Bordeaux,France,2019,JavaScript
Maryse,Letellier,Bordeaux,France,2019,JavaScript
Pénélope,Leclerc,Bordeaux,France,2019,JavaScript
Roland,Thierry,Bordeaux,France,2019,JavaScript
Marcel,Girard,Bordeaux,France,2019,JavaScript
Zoé,Barbier,Bordeaux,France,2019,Java
Margot,Maillard,Bordeaux,France,2019,PHP
Grégoire,Gallet,Bordeaux,France,2019,JavaScript
Xavier,Launay,Bordeaux,France,2019,JavaScript
Benjamin,Morel,Bordeaux,France,2019,Java
Léon,Cordier,Bordeaux,France,2019,JavaScript
Aurélie,Fernandes,"La Loupe",France,2019,Java
Victoire,Wagner,"La Loupe",France,2019,PHP
David,Guibert,"La Loupe",France,2019,JavaScript
Patricia,David,"La Loupe",France,2019,PHP
Frédéric,Leblanc,"La Loupe",France,2019,Java
Odette,Gregoire,"La Loupe",France,2019,JavaScript
Théophile,Lefevre,"La Loupe",France,2019,Java
Paul,Maillot,"La Loupe",France,2019,Java
Eugène,Lebreton,"La Loupe",France,2019,JavaScript
André,Joly,"La Loupe",France,2019,PHP
Corinne,Riviere,"La Loupe",France,2019,JavaScript
Élisabeth,Bodin,"La Loupe",France,2019,JavaScript
Marie,Gautier,"La Loupe",France,2019,Java
Henri,Fernandes,"La Loupe",France,2019,Java
Laurent,Merle,"La Loupe",France,2019,PHP
Camille,Berger,"La Loupe",France,2019,PHP
Luce,Descamps,"La Loupe",France,2019,JavaScript
Pénélope,Maury,"La Loupe",France,2019,JavaScript
Michèle,Chevalier,"La Loupe",France,2019,PHP
Augustin,Bonnin,"La Loupe",France,2019,JavaScript
Rémy,Perret,"La Loupe",France,2019,PHP
Hortense,Guerin,"La Loupe",France,2019,PHP
Alphonse,Morvan,"La Loupe",France,2019,PHP
Benoît,Marty,"La Loupe",France,2019,PHP
Denis,Pottier,"La Loupe",France,2019,PHP
Aurore,Boyer,Lille,France,2019,Java
Isaac,Daniel,Lille,France,2019,JavaScript
Guillaume,Marie,Lille,France,2019,Java
Auguste,Besnard,Lille,France,2019,Java
Nathalie,Blin,Lille,France,2019,JavaScript
Lucy,Lebreton,Lille,France,2019,Java
Philippe,Baron,Lille,France,2019,Java
Stéphane,Boulanger,Lille,France,2019,Java
Hortense,Goncalves,Lille,France,2019,PHP
Juliette,Perez,Lille,France,2019,Java
Arnaude,Roche,Lille,France,2019,JavaScript
Jacques,Blin,Lille,France,2019,JavaScript
Gabrielle,Deschamps,Lille,France,2019,JavaScript
Danielle,Fernandes,Lille,France,2019,Java
Patrick,Caron,Lille,France,2019,Java
Nathalie,Lamy,Lille,France,2019,JavaScript
Nath,Remy,Lille,France,2019,PHP
Geneviève,Foucher,Lille,France,2019,JavaScript
Sabine,Deschamps,Lille,France,2019,Java
Émile,Couturier,Lille,France,2019,JavaScript
Gabriel,Lelievre,Lille,France,2019,PHP
Auguste,Gillet,Lille,France,2019,PHP
William,Marion,Lille,France,2019,JavaScript
Daniel,Lombard,Lille,France,2019,PHP
Xavier,Bazin,Lille,France,2019,PHP
René,Moreau,Lyon,France,2019,PHP
Gérard,Boutin,Lyon,France,2019,PHP
Valentine,Rocher,Lyon,France,2019,JavaScript
Françoise,Roux,Lyon,France,2019,Java
Arnaude,Charpentier,Lyon,France,2019,PHP
Françoise,Normand,Lyon,France,2019,PHP
Honoré,Gerard,Lyon,France,2019,PHP
Luce,Leclerc,Lyon,France,2019,JavaScript
Simone,Carpentier,Lyon,France,2019,JavaScript
Émile,Michel,Lyon,France,2019,PHP
Honoré,Neveu,Lyon,France,2019,Java
Arnaude,Mahe,Lyon,France,2019,JavaScript
René,Chauveau,Lyon,France,2019,JavaScript
Emmanuel,Rousseau,Lyon,France,2019,JavaScript
Julie,Allain,Lyon,France,2019,PHP
Gabrielle,Lecomte,Lyon,France,2019,Java
Yves,Herve,Lyon,France,2019,PHP
Isaac,"De Sousa",Lyon,France,2019,JavaScript
Sabine,Weiss,Lyon,France,2019,JavaScript
Marcel,Poirier,Lyon,France,2019,Java
Aimé,Launay,Lyon,France,2019,JavaScript
Brigitte,Gallet,Lyon,France,2019,Java
Mathilde,Guillou,Lyon,France,2019,Java
Caroline,Vaillant,Lyon,France,2019,PHP
Antoinette,Francois,Lyon,France,2019,JavaScript
Margaux,Besson,Marseille,France,2019,PHP
Gilbert,Barbe,Marseille,France,2019,Java
Daniel,Joly,Marseille,France,2019,PHP
Christelle,Aubry,Marseille,France,2019,Java
Claude,Petitjean,Marseille,France,2019,JavaScript
Sylvie,Duval,Marseille,France,2019,PHP
Margot,Gomez,Marseille,France,2019,PHP
Caroline,Moreno,Marseille,France,2019,PHP
Marianne,Gallet,Marseille,France,2019,JavaScript
Théodore,"Da Silva",Marseille,France,2019,JavaScript
Luce,Bernier,Marseille,France,2019,JavaScript
Marthe,Masson,Marseille,France,2019,JavaScript
Laure,Chretien,Marseille,France,2019,PHP
Benjamin,Gilbert,Marseille,France,2019,PHP
Marc,Perez,Marseille,France,2019,Java
Chantal,Guillot,Marseille,France,2019,Java
Maurice,Remy,Marseille,France,2019,PHP
Dominique,Pichon,Marseille,France,2019,JavaScript
Pauline,Valentin,Marseille,France,2019,PHP
Grégoire,Navarro,Marseille,France,2019,Java
Timothée,Morel,Marseille,France,2019,Java
Hugues,Dumont,Marseille,France,2019,PHP
Yves,Lefevre,Marseille,France,2019,JavaScript
Claudine,Couturier,Marseille,France,2019,PHP
Gérard,Guillou,Marseille,France,2019,JavaScript
Denis,Roux,Nantes,France,2019,Java
Marguerite,Blanc,Nantes,France,2019,PHP
Suzanne,Andre,Nantes,France,2019,Java
Susanne,Lacroix,Nantes,France,2019,JavaScript
Geneviève,Colas,Nantes,France,2019,Java
Valérie,Allard,Nantes,France,2019,JavaScript
Élodie,Carlier,Nantes,France,2019,PHP
Valentine,Dumas,Nantes,France,2019,Java
Grégoire,Coste,Nantes,France,2019,PHP
Victor,Toussaint,Nantes,France,2019,PHP
David,Mendes,Nantes,France,2019,Java
Alain,Boutin,Nantes,France,2019,PHP
Roland,Bonneau,Nantes,France,2019,JavaScript
Jeanne,Torres,Nantes,France,2019,Java
Nathalie,Lopez,Nantes,France,2019,PHP
Nathalie,Hebert,Nantes,France,2019,PHP
Denis,Boyer,Nantes,France,2019,JavaScript
Emmanuelle,Moulin,Nantes,France,2019,JavaScript
Léon,Lebrun,Nantes,France,2019,Java
Antoine,Collet,Nantes,France,2019,Java
Benjamin,Picard,Nantes,France,2019,Java
Alexandrie,Leduc,Nantes,France,2019,Java
Antoine,Delmas,Nantes,France,2019,PHP
Léon,Poirier,Nantes,France,2019,PHP
Timothée,Besson,Nantes,France,2019,JavaScript
Marine,Dupre,Orleans,France,2019,JavaScript
Michelle,Boulanger,Orleans,France,2019,Java
Nicolas,Dubois,Orleans,France,2019,PHP
Éléonore,Bousquet,Orleans,France,2019,JavaScript
Andrée,Valentin,Orleans,France,2019,JavaScript
Geneviève,Fleury,Orleans,France,2019,JavaScript
Marie,Bonnet,Orleans,France,2019,Java
Jeanne,Gonzalez,Orleans,France,2019,PHP
Agnès,Lopez,Orleans,France,2019,Java
Éric,Bonnet,Orleans,France,2019,JavaScript
Marguerite,Lacroix,Orleans,France,2019,Java
Christine,Leclerc,Orleans,France,2019,PHP
Isabelle,Marin,Orleans,France,2019,PHP
Michelle,Imbert,Orleans,France,2019,Java
Chantal,Ledoux,Orleans,France,2019,Java
Claude,Joubert,Orleans,France,2019,Java
Tristan,Carre,Orleans,France,2019,Java
Olivie,Rousseau,Orleans,France,2019,Java
Dominique,Brun,Orleans,France,2019,Java
Suzanne,Pages,Orleans,France,2019,PHP
Anaïs,Blondel,Orleans,France,2019,PHP
Paulette,Dijoux,Orleans,France,2019,Java
Christelle,Duval,Orleans,France,2019,Java
Maurice,Moreno,Orleans,France,2019,PHP
Mathilde,Lesage,Orleans,France,2019,JavaScript
Constance,Barthelemy,Paris,France,2019,Java
Jules,Rodrigues,Paris,France,2019,Java
Jeannine,Godard,Paris,France,2019,Java
Odette,Riou,Paris,France,2019,JavaScript
Caroline,Schneider,Paris,France,2019,Java
Denise,Levy,Paris,France,2019,PHP
Catherine,Nicolas,Paris,France,2019,PHP
Charlotte,Delattre,Paris,France,2019,JavaScript
Guy,Gomez,Paris,France,2019,JavaScript
Margaret,Jacques,Paris,France,2019,Java
Dorothée,Guillet,Paris,France,2019,Java
Frédéric,Martineau,Paris,France,2019,Java
Sébastien,Klein,Paris,France,2019,Java
Joséphine,Antoine,Paris,France,2019,Java
Anouk,Nguyen,Paris,France,2019,JavaScript
Paul,Germain,Paris,France,2019,JavaScript
Jeanne,Hamel,Paris,France,2019,Java
Maurice,Normand,Paris,France,2019,Java
Hortense,Vaillant,Paris,France,2019,PHP
Franck,Charpentier,Paris,France,2019,Java
Émile,Garcia,Paris,France,2019,PHP
Alfred,Duval,Paris,France,2019,Java
Simone,Breton,Paris,France,2019,Java
Renée,Bonneau,Paris,France,2019,Java
Clémence,Traore,Paris,France,2019,PHP
Virginie,Leclercq,Reims,France,2019,JavaScript
Renée,Clerc,Reims,France,2019,Java
Pierre,Lesage,Reims,France,2019,Java
Inès,Perrin,Reims,France,2019,JavaScript
Gabrielle,Lecoq,Reims,France,2019,JavaScript
François,Royer,Reims,France,2019,JavaScript
Stéphane,Guillot,Reims,France,2019,Java
Lorraine,Bonneau,Reims,France,2019,JavaScript
Michelle,Martin,Reims,France,2019,Java
Christelle,Perret,Reims,France,2019,Java
Victoire,Grondin,Reims,France,2019,PHP
Simone,"De Sousa",Reims,France,2019,PHP
Martin,Voisin,Reims,France,2019,JavaScript
Raymond,Renaud,Reims,France,2019,PHP
Lucy,Toussaint,Reims,France,2019,Java
Bertrand,Mary,Reims,France,2019,PHP
Christelle,Raynaud,Reims,France,2019,Java
Marianne,Begue,Reims,France,2019,Java
Agathe,Blondel,Reims,France,2019,JavaScript
Hugues,Thierry,Reims,France,2019,Java
Jean,Pottier,Reims,France,2019,PHP
Chantal,Rolland,Reims,France,2019,JavaScript
Philippe,Ribeiro,Reims,France,2019,PHP
Émile,Perret,Reims,France,2019,PHP
Suzanne,Traore,Reims,France,2019,Java
André,Marchal,Strasbourg,France,2019,JavaScript
Aimée,Lamy,Strasbourg,France,2019,JavaScript
Caroline,Martineau,Strasbourg,France,2019,Java
Gilles,Leleu,Strasbourg,France,2019,Java
Julien,"Dos Santos",Strasbourg,France,2019,JavaScript
Nicolas,Guyon,Strasbourg,France,2019,PHP
Manon,Clement,Strasbourg,France,2019,PHP
Émile,Dumas,Strasbourg,France,2019,PHP
Emmanuelle,Chauvin,Strasbourg,France,2019,Java
Thomas,Devaux,Strasbourg,France,2019,JavaScript
Susanne,Labbe,Strasbourg,France,2019,JavaScript
Henri,Carlier,Strasbourg,France,2019,PHP
Maurice,Olivier,Strasbourg,France,2019,Java
Gabriel,Lebreton,Strasbourg,France,2019,JavaScript
Julie,Hamon,Strasbourg,France,2019,JavaScript
Hugues,Mahe,Strasbourg,France,2019,Java
Dominique,"Da Silva",Strasbourg,France,2019,PHP
Yves,Blin,Strasbourg,France,2019,PHP
Diane,Schneider,Strasbourg,France,2019,Java
Emmanuelle,Parent,Strasbourg,France,2019,Java
Gabrielle,Bouvet,Strasbourg,France,2019,Java
Paulette,Valette,Strasbourg,France,2019,Java
Odette,Lemonnier,Strasbourg,France,2019,JavaScript
François,Gilbert,Strasbourg,France,2019,Java
David,Dupuis,Strasbourg,France,2019,PHP
Raymond,Poulain,Toulouse,France,2019,Java
Alexandre,"Da Silva",Toulouse,France,2019,JavaScript
Susanne,Lucas,Toulouse,France,2019,PHP
Roger,Garcia,Toulouse,France,2019,PHP
Isaac,Martineau,Toulouse,France,2019,PHP
Zacharie,Thomas,Toulouse,France,2019,Java
Éléonore,Laroche,Toulouse,France,2019,PHP
Mathilde,Descamps,Toulouse,France,2019,JavaScript
Céline,Fabre,Toulouse,France,2019,JavaScript
Marguerite,Bertin,Toulouse,France,2019,PHP
Raymond,Bouvet,Toulouse,France,2019,JavaScript
Odette,Carlier,Toulouse,France,2019,PHP
Pénélope,Collet,Toulouse,France,2019,Java
Joseph,Rodriguez,Toulouse,France,2019,PHP
Danielle,Lecomte,Toulouse,France,2019,JavaScript
Camille,Raymond,Toulouse,France,2019,PHP
Sébastien,Lefort,Toulouse,France,2019,Java
Noël,Noel,Toulouse,France,2019,JavaScript
Anastasie,Roux,Toulouse,France,2019,PHP
Danielle,Perrin,Toulouse,France,2019,JavaScript
Éric,Meunier,Toulouse,France,2019,JavaScript
Anaïs,Lambert,Toulouse,France,2019,Java
Claude,Samson,Toulouse,France,2019,JavaScript
Guillaume,Perrin,Toulouse,France,2019,Java
Richard,Rodrigues,Toulouse,France,2019,PHP
Gabrielle,Simon,Tours,France,2019,Java
David,Brunel,Tours,France,2019,Java
Julie,Perez,Tours,France,2019,PHP
Virginie,Monnier,Tours,France,2019,JavaScript
Henriette,Vincent,Tours,France,2019,Java
Claudine,Begue,Tours,France,2019,Java
Zoé,Vasseur,Tours,France,2019,PHP
Hugues,Gros,Tours,France,2019,Java
Patricia,Rousset,Tours,France,2019,Java
Élisabeth,"De Oliveira",Tours,France,2019,Java
Martin,Leger,Tours,France,2019,JavaScript
Susanne,Lebrun,Tours,France,2019,Java
Anaïs,Lebon,Tours,France,2019,PHP
Benjamin,Barthelemy,Tours,France,2019,Java
Henri,Riviere,Tours,France,2019,PHP
Martine,Thierry,Tours,France,2019,JavaScript
Arthur,Pages,Tours,France,2019,JavaScript
Françoise,Godard,Tours,France,2019,PHP
Adélaïde,Fernandez,Tours,France,2019,Java
Charles,Lombard,Tours,France,2019,JavaScript
André,Marin,Tours,France,2019,Java
Emmanuel,Normand,Tours,France,2019,JavaScript
Joseph,Laporte,Tours,France,2019,Java
Augustin,Navarro,Tours,France,2019,Java
Aimé,Bouvet,Tours,France,2019,JavaScript
Bettina,Fleischer,Berlin,Germany,2019,JavaScript
Timo,Hesse,Berlin,Germany,2019,Java
Evelin,Mayr,Berlin,Germany,2019,Java
Conny,Schwarz,Berlin,Germany,2019,JavaScript
Silvio,Metzger,Berlin,Germany,2019,Java
Annelies,Maurer,Berlin,Germany,2019,Java
Nikola,Bischoff,Berlin,Germany,2019,PHP
Annelore,Winkler,Berlin,Germany,2019,Java
Inge,Miller,Berlin,Germany,2019,JavaScript
Wolf-Dieter,Kessler,Berlin,Germany,2019,PHP
Hermine,Albers,Berlin,Germany,2019,PHP
Leonore,Schütze,Berlin,Germany,2019,PHP
Heinz-Günter,Hein,Berlin,Germany,2019,Java
Gertraude,Hartung,Berlin,Germany,2019,JavaScript
Ria,Krauß,Berlin,Germany,2019,PHP
Paula,Reimer,Berlin,Germany,2019,PHP
Luzie,Schuster,Berlin,Germany,2019,Java
Veronika,Albers,Berlin,Germany,2019,JavaScript
Ingelore,Albers,Berlin,Germany,2019,JavaScript
Kaspar,Martin,Berlin,Germany,2019,Java
Roger,Strobel,Berlin,Germany,2019,PHP
August,Haupt,Berlin,Germany,2019,JavaScript
Walther,Frey,Berlin,Germany,2019,JavaScript
Eduard,Mohr,Berlin,Germany,2019,JavaScript
Silvio,Wilhelm,Berlin,Germany,2019,PHP
Elise,Massart,Brussels,Belgium,2019,JavaScript
Malak,Goossens,Brussels,Belgium,2019,JavaScript
Hajar,Denis,Brussels,Belgium,2019,JavaScript
Jelle,Piette,Brussels,Belgium,2019,Java
Dylan,Wauters,Brussels,Belgium,2019,PHP
Robbe,Lemaire,Brussels,Belgium,2019,JavaScript
Loïc,"De Coster",Brussels,Belgium,2019,JavaScript
Luna,Wauters,Brussels,Belgium,2019,JavaScript
Milan,Cuvelier,Brussels,Belgium,2019,Java
Lina,Hendrickx,Brussels,Belgium,2019,PHP
Lana,Roland,Brussels,Belgium,2019,Java
Eva,Christiaens,Brussels,Belgium,2019,PHP
Guillaume,Hermans,Brussels,Belgium,2019,JavaScript
Victor,Gilles,Brussels,Belgium,2019,Java
Louise,Lecomte,Brussels,Belgium,2019,JavaScript
Lena,Vermeiren,Brussels,Belgium,2019,PHP
Charlotte,Verstraete,Brussels,Belgium,2019,PHP
Finn,Lecocq,Brussels,Belgium,2019,PHP
Linde,Messaoudi,Brussels,Belgium,2019,Java
Roos,Sahin,Brussels,Belgium,2019,JavaScript
Gabriel,Janssens,Brussels,Belgium,2019,Java
Raphaël,Piron,Brussels,Belgium,2019,PHP
Chloé,Delfosse,Brussels,Belgium,2019,PHP
Luca,Descamps,Brussels,Belgium,2019,PHP
Maxim,Denis,Brussels,Belgium,2019,JavaScript
Ghiță,Voinea,Bucharest,Romania,2019,JavaScript
Giorgiana,Tataru,Bucharest,Romania,2019,JavaScript
Ionică,Irimia,Bucharest,Romania,2019,JavaScript
Georgiana,Blaga,Bucharest,Romania,2019,Java
Doina,Grigorescu,Bucharest,Romania,2019,JavaScript
Anton,Dima,Bucharest,Romania,2019,Java
Adelaida,Cosma,Bucharest,Romania,2019,PHP
Jan,Moraru,Bucharest,Romania,2019,JavaScript
Florica,Cristescu,Bucharest,Romania,2019,Java
Flaviu,Cojocaru,Bucharest,Romania,2019,Java
Carmen,Petcu,Bucharest,Romania,2019,PHP
Alex,Popa,Bucharest,Romania,2019,Java
Nora,Moraru,Bucharest,Romania,2019,PHP
Edmond,Pasca,Bucharest,Romania,2019,JavaScript
Zaraza,Lazar,Bucharest,Romania,2019,PHP
Tudor,Florea,Bucharest,Romania,2019,PHP
Georgeta,Pintilie,Bucharest,Romania,2019,JavaScript
Luca,Sabau,Bucharest,Romania,2019,JavaScript
Eftimia,Manea,Bucharest,Romania,2019,Java
Iosif,Bodea,Bucharest,Romania,2019,JavaScript
Alberta,Cosma,Bucharest,Romania,2019,Java
Xenia,Man,Bucharest,Romania,2019,PHP
Sorana,Dragomir,Bucharest,Romania,2019,Java
Nora,Marin,Bucharest,Romania,2019,PHP
Rafila,Crisan,Bucharest,Romania,2019,PHP
Nicole,Brito,Lisbon,Portugal,2019,Java
Martinho,Matos,Lisbon,Portugal,2019,JavaScript
Luísa,Loureiro,Lisbon,Portugal,2019,Java
Laura,Coelho,Lisbon,Portugal,2019,Java
Andreia,Brito,Lisbon,Portugal,2019,Java
Rafael,Silva,Lisbon,Portugal,2019,Java
Cristiana,Leite,Lisbon,Portugal,2019,JavaScript
Jaime,Melo,Lisbon,Portugal,2019,JavaScript
Helena,Brito,Lisbon,Portugal,2019,JavaScript
Cátia,Sousa,Lisbon,Portugal,2019,Java
Bárbara,Gomes,Lisbon,Portugal,2019,PHP
Eva,Tavares,Lisbon,Portugal,2019,PHP
Bruno,Alves,Lisbon,Portugal,2019,JavaScript
Letícia,Coelho,Lisbon,Portugal,2019,Java
Gil,Matos,Lisbon,Portugal,2019,PHP
Marta,Carneiro,Lisbon,Portugal,2019,PHP
David,Nogueira,Lisbon,Portugal,2019,Java
Eva,Lopes,Lisbon,Portugal,2019,PHP
Mateus,Carvalho,Lisbon,Portugal,2019,JavaScript
Filipe,Loureiro,Lisbon,Portugal,2019,Java
Inês,Azevedo,Lisbon,Portugal,2019,JavaScript
Patrícia,Abreu,Lisbon,Portugal,2019,JavaScript
Vicente,Neves,Lisbon,Portugal,2019,PHP
Leticia,Branco,Lisbon,Portugal,2019,Java
Edgar,Magalhães,Lisbon,Portugal,2019,JavaScript
Mitchell,Walker,London,"United Kingdom",2019,PHP
Misty,Lebsack,London,"United Kingdom",2019,Java
Esta,Runolfsdottir,London,"United Kingdom",2019,Java
Norval,Halvorson,London,"United Kingdom",2019,JavaScript
Gennaro,Beahan,London,"United Kingdom",2019,Java
Jeffery,Tremblay,London,"United Kingdom",2019,PHP
Vena,Kunde,London,"United Kingdom",2019,PHP
Isac,Ebert,London,"United Kingdom",2019,JavaScript
Nolan,Ondricka,London,"United Kingdom",2019,Java
Anastasia,Kilback,London,"United Kingdom",2019,JavaScript
Gerda,King,London,"United Kingdom",2019,PHP
Nathaniel,Marquardt,London,"United Kingdom",2019,Java
Tod,Kuhlman,London,"United Kingdom",2019,JavaScript
Jessy,Predovic,London,"United Kingdom",2019,JavaScript
Manley,Rempel,London,"United Kingdom",2019,PHP
Giovanny,Hand,London,"United Kingdom",2019,Java
Stefan,Bauch,London,"United Kingdom",2019,PHP
Joseph,Terry,London,"United Kingdom",2019,PHP
Freddie,Hackett,London,"United Kingdom",2019,Java
Jailyn,Collier,London,"United Kingdom",2019,Java
Toney,Berge,London,"United Kingdom",2019,JavaScript
Virginie,Brakus,London,"United Kingdom",2019,PHP
Cora,Bernier,London,"United Kingdom",2019,JavaScript
Valentine,Hodkiewicz,London,"United Kingdom",2019,Java
Gina,Dickens,London,"United Kingdom",2019,JavaScript
Guillermo,Delapaz,Madrid,Spain,2019,PHP
Alexandra,Navarro,Madrid,Spain,2019,JavaScript
Víctor,Trujillo,Madrid,Spain,2019,JavaScript
Joan,Arce,Madrid,Spain,2019,JavaScript
Manuela,Lovato,Madrid,Spain,2019,Java
Mario,Arguello,Madrid,Spain,2019,JavaScript
Angela,Lorenzo,Madrid,Spain,2019,PHP
Rafael,Toledo,Madrid,Spain,2019,PHP
Erik,Balderas,Madrid,Spain,2019,JavaScript
Andrés,Murillo,Madrid,Spain,2019,Java
Ángel,Casado,Madrid,Spain,2019,JavaScript
Saúl,Bermúdez,Madrid,Spain,2019,JavaScript
Lola,Miranda,Madrid,Spain,2019,Java
Sofía,Mascareñas,Madrid,Spain,2019,PHP
Marcos,Tejada,Madrid,Spain,2019,JavaScript
Unai,Nevárez,Madrid,Spain,2019,JavaScript
Leire,Covarrubias,Madrid,Spain,2019,JavaScript
Jan,Escobedo,Madrid,Spain,2019,JavaScript
Víctor,Véliz,Madrid,Spain,2019,PHP
"Francisco Javier",Llamas,Madrid,Spain,2019,JavaScript
Jana,Uribe,Madrid,Spain,2019,Java
Berta,Salas,Madrid,Spain,2019,Java
Nora,Alfonso,Madrid,Spain,2019,PHP
Mireia,Delatorre,Madrid,Spain,2019,PHP
David,Vergara,Madrid,Spain,2019,PHP
